id,FPR,ROC,line
1,0.0,0.8486230166,1.0
2,2.78979e-05,0.8488053985,0.9999721021
3,2.78979e-05,0.849717308,0.9999721021
4,2.78979e-05,0.8500820719,0.9999721021
5,2.78979e-05,0.8504468357,0.9999721021
6,5.57958e-05,0.8508115995,0.9999442042
7,5.57958e-05,0.8511763633,0.9999442042
8,5.57958e-05,0.8513587452,0.9999442042
9,5.57958e-05,0.851723509,0.9999442042
10,5.57958e-05,0.8519058909,0.9999442042
11,5.57958e-05,0.8522706548,0.9999442042
12,5.57958e-05,0.8535473281,0.9999442042
13,5.57958e-05,0.8540944738,0.9999442042
14,5.57958e-05,0.8546416196,0.9999442042
15,5.57958e-05,0.8550063834,0.9999442042
16,5.57958e-05,0.8550063834,0.9999442042
17,5.57958e-05,0.8555535291,0.9999442042
18,5.57958e-05,0.855735911,0.9999442042
19,5.57958e-05,0.8559182929,0.9999442042
20,5.57958e-05,0.8564654386,0.9999442042
21,5.57958e-05,0.8568302024,0.9999442042
22,5.57958e-05,0.8571949663,0.9999442042
23,5.57958e-05,0.8581068758,0.9999442042
24,5.57958e-05,0.8584716396,0.9999442042
25,5.57958e-05,0.8588364034,0.9999442042
26,5.57958e-05,0.8590187853,0.9999442042
27,5.57958e-05,0.859748313,0.9999442042
28,5.57958e-05,0.8602954587,0.9999442042
29,5.57958e-05,0.8604778406,0.9999442042
30,5.57958e-05,0.8606602225,0.9999442042
31,5.57958e-05,0.8608426044,0.9999442042
32,5.57958e-05,0.861572132,0.9999442042
33,8.36937e-05,0.8624840416,0.9999163063
34,8.36937e-05,0.8630311873,0.9999163063
35,0.0001115916,0.8633959511,0.9998884084
36,0.0001115916,0.8644902426,0.9998884084
37,0.0001115916,0.8646726245,0.9998884084
38,0.0001115916,0.8646726245,0.9998884084
39,0.0001115916,0.8648550064,0.9998884084
40,0.0001115916,0.8652197702,0.9998884084
41,0.0001115916,0.8652197702,0.9998884084
42,0.0001115916,0.8659492978,0.9998884084
43,0.0001115916,0.8661316797,0.9998884084
44,0.0001115916,0.8664964436,0.9998884084
45,0.0001115916,0.8668612074,0.9998884084
46,0.0001115916,0.8670435893,0.9998884084
47,0.0001115916,0.8674083531,0.9998884084
48,0.0001115916,0.8679554988,0.9998884084
49,0.0001115916,0.8681378807,0.9998884084
50,0.0001115916,0.8688674084,0.9998884084
51,0.0001115916,0.869596936,0.9998884084
52,0.0001115916,0.8699616998,0.9998884084
53,0.0001115916,0.8703264636,0.9998884084
54,0.0001115916,0.8710559912,0.9998884084
55,0.0001115916,0.8714207551,0.9998884084
56,0.0001115916,0.8717855189,0.9998884084
57,0.0001115916,0.8717855189,0.9998884084
58,0.0001115916,0.8719679008,0.9998884084
59,0.0001115916,0.8725150465,0.9998884084
60,0.0001115916,0.8726974284,0.9998884084
61,0.0001115916,0.8728798103,0.9998884084
62,0.0001115916,0.873609338,0.9998884084
63,0.0001115916,0.873609338,0.9998884084
64,0.0001115916,0.8741564837,0.9998884084
65,0.0001115916,0.8745212475,0.9998884084
66,0.0001115916,0.8745212475,0.9998884084
67,0.0001115916,0.8747036294,0.9998884084
68,0.0001115916,0.8748860113,0.9998884084
69,0.0001115916,0.8750683932,0.9998884084
70,0.0001115916,0.8752507751,0.9998884084
71,0.0001115916,0.8756155389,0.9998884084
72,0.0001394895,0.8757979208,0.9998605105
73,0.0001394895,0.8759803028,0.9998605105
74,0.0001394895,0.8761626847,0.9998605105
75,0.0001394895,0.8765274485,0.9998605105
76,0.0001394895,0.8767098304,0.9998605105
77,0.0001394895,0.8768922123,0.9998605105
78,0.0001394895,0.8768922123,0.9998605105
79,0.0001394895,0.877439358,0.9998605105
80,0.0001394895,0.8776217399,0.9998605105
81,0.0001394895,0.8778041218,0.9998605105
82,0.0001394895,0.8781688856,0.9998605105
83,0.0001394895,0.8781688856,0.9998605105
84,0.0001394895,0.8781688856,0.9998605105
85,0.0001394895,0.8785336495,0.9998605105
86,0.0001673874,0.8792631771,0.9998326126
87,0.0001673874,0.8796279409,0.9998326126
88,0.0001673874,0.8798103228,0.9998326126
89,0.0001673874,0.8798103228,0.9998326126
90,0.0001673874,0.8803574685,0.9998326126
91,0.0001673874,0.8807222324,0.9998326126
92,0.0001952853,0.8810869962,0.9998047147
93,0.0001952853,0.8816341419,0.9998047147
94,0.0001952853,0.8821812876,0.9998047147
95,0.0001952853,0.8823636695,0.9998047147
96,0.0002231831,0.8823636695,0.9997768169
97,0.0002231831,0.8827284333,0.9997768169
98,0.0002231831,0.8829108152,0.9997768169
99,0.0002231831,0.8832755791,0.9997768169
100,0.0002231831,0.883457961,0.9997768169
101,0.0002231831,0.8843698705,0.9997768169
102,0.0002231831,0.8845522524,0.9997768169
103,0.0002231831,0.885464162,0.9997768169
104,0.0002231831,0.8856465439,0.9997768169
105,0.0002231831,0.8861936896,0.9997768169
106,0.0002231831,0.8871055991,0.9997768169
107,0.0002231831,0.887287981,0.9997768169
108,0.0002231831,0.887287981,0.9997768169
109,0.0002231831,0.8876527448,0.9997768169
110,0.0002231831,0.8878351268,0.9997768169
111,0.0002231831,0.8881998906,0.9997768169
112,0.0002231831,0.8881998906,0.9997768169
113,0.0002231831,0.8883822725,0.9997768169
114,0.0002231831,0.8889294182,0.9997768169
115,0.0002231831,0.8889294182,0.9997768169
116,0.0002231831,0.8894765639,0.9997768169
117,0.0002231831,0.8900237096,0.9997768169
118,0.0002231831,0.8903884735,0.9997768169
119,0.0002231831,0.8909356192,0.9997768169
120,0.0002231831,0.8914827649,0.9997768169
121,0.0002231831,0.8923946744,0.9997768169
122,0.0002231831,0.8923946744,0.9997768169
123,0.0002231831,0.8929418202,0.9997768169
124,0.000251081,0.8931242021,0.999748919
125,0.000251081,0.8938537297,0.999748919
126,0.000251081,0.8945832573,0.999748919
127,0.000251081,0.8951304031,0.999748919
128,0.000251081,0.8960423126,0.999748919
129,0.000251081,0.8960423126,0.999748919
130,0.000251081,0.8965894583,0.999748919
131,0.000251081,0.897318986,0.999748919
132,0.0002789789,0.8976837498,0.9997210211
133,0.0002789789,0.8980485136,0.9997210211
134,0.0002789789,0.8980485136,0.9997210211
135,0.0002789789,0.8980485136,0.9997210211
136,0.0002789789,0.8980485136,0.9997210211
137,0.0002789789,0.8982308955,0.9997210211
138,0.0002789789,0.8982308955,0.9997210211
139,0.0002789789,0.8982308955,0.9997210211
140,0.0002789789,0.8984132774,0.9997210211
141,0.0002789789,0.8985956593,0.9997210211
142,0.0002789789,0.8989604231,0.9997210211
143,0.0002789789,0.8998723327,0.9997210211
144,0.0003068768,0.9000547146,0.9996931232
145,0.0003068768,0.9006018603,0.9996931232
146,0.0003068768,0.9009666241,0.9996931232
147,0.0003068768,0.901149006,0.9996931232
148,0.0003068768,0.9013313879,0.9996931232
149,0.0003347747,0.9015137698,0.9996652253
150,0.0003347747,0.9018785336,0.9996652253
151,0.0003347747,0.9018785336,0.9996652253
152,0.0003347747,0.9024256794,0.9996652253
153,0.0003347747,0.9027904432,0.9996652253
154,0.0003347747,0.9029728251,0.9996652253
155,0.0003347747,0.9035199708,0.9996652253
156,0.0003626726,0.9038847346,0.9996373274
157,0.0003626726,0.9040671165,0.9996373274
158,0.0003626726,0.9044318804,0.9996373274
159,0.0003626726,0.9046142623,0.9996373274
160,0.0003626726,0.9053437899,0.9996373274
161,0.0003626726,0.9058909356,0.9996373274
162,0.0003626726,0.9062556994,0.9996373274
163,0.0003626726,0.9068028452,0.9996373274
164,0.0003626726,0.9068028452,0.9996373274
165,0.0003626726,0.9073499909,0.9996373274
166,0.0003626726,0.9077147547,0.9996373274
167,0.0003626726,0.9080795185,0.9996373274
168,0.0003626726,0.9080795185,0.9996373274
169,0.0003626726,0.9086266642,0.9996373274
170,0.0003626726,0.9088090461,0.9996373274
171,0.0003626726,0.9089914281,0.9996373274
172,0.0003626726,0.90917381,0.9996373274
173,0.0003626726,0.9093561919,0.9996373274
174,0.0003626726,0.9095385738,0.9996373274
175,0.0003626726,0.9095385738,0.9996373274
176,0.0003626726,0.9097209557,0.9996373274
177,0.0003626726,0.9097209557,0.9996373274
178,0.0003626726,0.9100857195,0.9996373274
179,0.0003905705,0.9104504833,0.9996094295
180,0.0004184684,0.9104504833,0.9995815316
181,0.0004184684,0.9104504833,0.9995815316
182,0.0004184684,0.9104504833,0.9995815316
183,0.0004184684,0.9111800109,0.9995815316
184,0.0004184684,0.9113623929,0.9995815316
185,0.0004184684,0.9115447748,0.9995815316
186,0.0004184684,0.9119095386,0.9995815316
187,0.0004184684,0.9119095386,0.9995815316
188,0.0004184684,0.9120919205,0.9995815316
189,0.0004463663,0.9122743024,0.9995536337
190,0.0004463663,0.9128214481,0.9995536337
191,0.0005021621,0.9131862119,0.9994978379
192,0.0005021621,0.9133685938,0.9994978379
193,0.0005021621,0.9137333577,0.9994978379
194,0.0005021621,0.9139157396,0.9994978379
195,0.0005021621,0.9140981215,0.9994978379
196,0.0005021621,0.9142805034,0.9994978379
197,0.0005021621,0.9144628853,0.9994978379
198,0.0005021621,0.9146452672,0.9994978379
199,0.00053006,0.9146452672,0.99946994
200,0.00053006,0.9146452672,0.99946994
201,0.00053006,0.9148276491,0.99946994
202,0.00053006,0.9151924129,0.99946994
203,0.00053006,0.9155571767,0.99946994
204,0.00053006,0.9157395586,0.99946994
205,0.00053006,0.9161043225,0.99946994
206,0.00053006,0.9162867044,0.99946994
207,0.00053006,0.9166514682,0.99946994
208,0.00053006,0.9168338501,0.99946994
209,0.00053006,0.9171986139,0.99946994
210,0.00053006,0.9173809958,0.99946994
211,0.00053006,0.9177457596,0.99946994
212,0.00053006,0.9179281415,0.99946994
213,0.00053006,0.9182929053,0.99946994
214,0.0005858558,0.9184752873,0.9994141442
215,0.0005858558,0.9186576692,0.9994141442
216,0.0006137537,0.9186576692,0.9993862463
217,0.0006137537,0.9188400511,0.9993862463
218,0.0006416516,0.919022433,0.9993583484
219,0.0006416516,0.9195695787,0.9993583484
220,0.0006416516,0.9197519606,0.9993583484
221,0.0006416516,0.9197519606,0.9993583484
222,0.0006416516,0.9199343425,0.9993583484
223,0.0006695494,0.9199343425,0.9993304506
224,0.0006695494,0.9202991063,0.9993304506
225,0.0006695494,0.9202991063,0.9993304506
226,0.0007253452,0.9202991063,0.9992746548
227,0.0007253452,0.9202991063,0.9992746548
228,0.0007532431,0.9204814882,0.9992467569
229,0.000781141,0.921028634,0.999218859
230,0.000781141,0.9212110159,0.999218859
231,0.000781141,0.9213933978,0.999218859
232,0.000781141,0.9217581616,0.999218859
233,0.0008090389,0.9219405435,0.9991909611
234,0.0008369368,0.9221229254,0.9991630632
235,0.0008369368,0.9224876892,0.9991630632
236,0.0008648347,0.922852453,0.9991351653
237,0.0008927326,0.922852453,0.9991072674
238,0.0009206305,0.9237643626,0.9990793695
239,0.0009206305,0.9239467445,0.9990793695
240,0.0009206305,0.9241291264,0.9990793695
241,0.0009485284,0.9241291264,0.9990514716
242,0.0009485284,0.9241291264,0.9990514716
243,0.0009485284,0.9244938902,0.9990514716
244,0.0009485284,0.9246762721,0.9990514716
245,0.0009485284,0.9250410359,0.9990514716
246,0.0009485284,0.9257705636,0.9990514716
247,0.0009485284,0.9259529455,0.9990514716
248,0.0009764263,0.9261353274,0.9990235737
249,0.0009764263,0.9261353274,0.9990235737
250,0.0010043242,0.926864855,0.9989956758
251,0.0010322221,0.9272296188,0.9989677779
252,0.0010322221,0.9275943826,0.9989677779
253,0.0010322221,0.9277767645,0.9989677779
254,0.00106012,0.9279591465,0.99893988
255,0.00106012,0.9285062922,0.99893988
256,0.00106012,0.9292358198,0.99893988
257,0.00106012,0.9294182017,0.99893988
258,0.0010880179,0.9299653474,0.9989119821
259,0.0010880179,0.9301477293,0.9989119821
260,0.0011159157,0.9303301113,0.9988840843
261,0.0011159157,0.9306948751,0.9988840843
262,0.0011159157,0.930877257,0.9988840843
263,0.0011159157,0.930877257,0.9988840843
264,0.0011159157,0.930877257,0.9988840843
265,0.0011159157,0.9310596389,0.9988840843
266,0.0011438136,0.9312420208,0.9988561864
267,0.0011438136,0.9316067846,0.9988561864
268,0.0011717115,0.9319715484,0.9988282885
269,0.0011717115,0.9321539303,0.9988282885
270,0.0011717115,0.9323363122,0.9988282885
271,0.0012275073,0.9325186941,0.9987724927
272,0.0012554052,0.932883458,0.9987445948
273,0.0012833031,0.9332482218,0.9987166969
274,0.0012833031,0.9339777494,0.9987166969
275,0.0012833031,0.9341601313,0.9987166969
276,0.001311201,0.9341601313,0.998688799
277,0.0013669968,0.9341601313,0.9986330032
278,0.0013669968,0.9343425132,0.9986330032
279,0.0013669968,0.9345248951,0.9986330032
280,0.0013669968,0.9348896589,0.9986330032
281,0.0013669968,0.9352544228,0.9986330032
282,0.0013669968,0.9354368047,0.9986330032
283,0.0013669968,0.9356191866,0.9986330032
284,0.0013669968,0.9359839504,0.9986330032
285,0.0013669968,0.9363487142,0.9986330032
286,0.0013669968,0.9365310961,0.9986330032
287,0.0013669968,0.9370782418,0.9986330032
288,0.0013669968,0.9372606237,0.9986330032
289,0.0013669968,0.9372606237,0.9986330032
290,0.0014227926,0.9372606237,0.9985772074
291,0.0014227926,0.9372606237,0.9985772074
292,0.0014785884,0.9372606237,0.9985214116
293,0.0015343842,0.9372606237,0.9984656158
294,0.001562282,0.9378077695,0.998437718
295,0.001562282,0.9379901514,0.998437718
296,0.001562282,0.9379901514,0.998437718
297,0.0015901799,0.9381725333,0.9984098201
298,0.0015901799,0.9383549152,0.9984098201
299,0.0015901799,0.9392668247,0.9984098201
300,0.0015901799,0.9394492066,0.9984098201
301,0.0015901799,0.9401787343,0.9984098201
302,0.0015901799,0.94072588,0.9984098201
303,0.0015901799,0.94072588,0.9984098201
304,0.0016180778,0.9409082619,0.9983819222
305,0.0016459757,0.9412730257,0.9983540243
306,0.0016738736,0.9414554076,0.9983261264
307,0.0017017715,0.9414554076,0.9982982285
308,0.0017575673,0.9416377895,0.9982424327
309,0.0017575673,0.9418201714,0.9982424327
310,0.0017575673,0.9420025533,0.9982424327
311,0.0017575673,0.9423673172,0.9982424327
312,0.0017854652,0.9425496991,0.9982145348
313,0.0017854652,0.9425496991,0.9982145348
314,0.001841261,0.9425496991,0.998158739
315,0.001841261,0.942732081,0.998158739
316,0.001841261,0.9429144629,0.998158739
317,0.001841261,0.9434616086,0.998158739
318,0.001841261,0.9436439905,0.998158739
319,0.001841261,0.9436439905,0.998158739
320,0.0018970568,0.9436439905,0.9981029432
321,0.0018970568,0.9443735181,0.9981029432
322,0.0018970568,0.9443735181,0.9981029432
323,0.0018970568,0.944738282,0.9981029432
324,0.0018970568,0.944738282,0.9981029432
325,0.0018970568,0.944738282,0.9981029432
326,0.0019249547,0.944738282,0.9980750453
327,0.0019249547,0.944738282,0.9980750453
328,0.0020086483,0.9452854277,0.9979913517
329,0.0020365462,0.9454678096,0.9979634538
330,0.0020644441,0.9456501915,0.9979355559
331,0.002092342,0.9456501915,0.997907658
332,0.0021202399,0.9460149553,0.9978797601
333,0.0021760357,0.9460149553,0.9978239643
334,0.0022318315,0.946562101,0.9977681685
335,0.0022876273,0.9467444829,0.9977123727
336,0.0022876273,0.9472916287,0.9977123727
337,0.0023155252,0.9472916287,0.9976844748
338,0.0023155252,0.9474740106,0.9976844748
339,0.0023155252,0.9476563925,0.9976844748
340,0.0023155252,0.9476563925,0.9976844748
341,0.0023434231,0.9482035382,0.9976565769
342,0.0023434231,0.9482035382,0.9976565769
343,0.0023434231,0.9483859201,0.9976565769
344,0.002371321,0.9487506839,0.997628679
345,0.0023992189,0.9491154477,0.9976007811
346,0.0024550146,0.9492978297,0.9975449854
347,0.0025108104,0.9494802116,0.9974891896
348,0.0025666062,0.9494802116,0.9974333938
349,0.0025666062,0.9496625935,0.9974333938
350,0.0026502999,0.9498449754,0.9973497001
351,0.0026502999,0.9498449754,0.9973497001
352,0.0026502999,0.9500273573,0.9973497001
353,0.0026781978,0.9502097392,0.9973218022
354,0.0026781978,0.9503921211,0.9973218022
355,0.0027060957,0.9503921211,0.9972939043
356,0.0027339936,0.9503921211,0.9972660064
357,0.0027618915,0.950574503,0.9972381085
358,0.0027618915,0.950574503,0.9972381085
359,0.0028176873,0.950574503,0.9971823127
360,0.0028455852,0.950574503,0.9971544148
361,0.0028455852,0.9507568849,0.9971544148
362,0.0028734831,0.9509392668,0.9971265169
363,0.0029013809,0.9509392668,0.9970986191
364,0.0029292788,0.9511216487,0.9970707212
365,0.0029292788,0.9511216487,0.9970707212
366,0.0029571767,0.9513040306,0.9970428233
367,0.0029571767,0.9513040306,0.9970428233
368,0.0030129725,0.9514864125,0.9969870275
369,0.0030129725,0.9518511764,0.9969870275
370,0.0030687683,0.9520335583,0.9969312317
371,0.0030687683,0.9522159402,0.9969312317
372,0.0030687683,0.9523983221,0.9969312317
373,0.0030966662,0.9523983221,0.9969033338
374,0.0030966662,0.952580704,0.9969033338
375,0.0031245641,0.952580704,0.9968754359
376,0.0031803599,0.952580704,0.9968196401
377,0.0032361557,0.952580704,0.9967638443
378,0.0032640536,0.952580704,0.9967359464
379,0.0032640536,0.952580704,0.9967359464
380,0.0032919515,0.9527630859,0.9967080485
381,0.0032919515,0.9527630859,0.9967080485
382,0.0033198494,0.9529454678,0.9966801506
383,0.0033756451,0.9534926135,0.9966243549
384,0.0034314409,0.9534926135,0.9965685591
385,0.0034593388,0.9536749954,0.9965406612
386,0.0034872367,0.9536749954,0.9965127633
387,0.0035151346,0.9536749954,0.9964848654
388,0.0035151346,0.9536749954,0.9964848654
389,0.0035430325,0.9538573773,0.9964569675
390,0.0035430325,0.9538573773,0.9964569675
391,0.0035430325,0.9538573773,0.9964569675
392,0.0035709304,0.9538573773,0.9964290696
393,0.0035709304,0.9544045231,0.9964290696
394,0.0035988283,0.9544045231,0.9964011717
395,0.0035988283,0.9544045231,0.9964011717
396,0.0036546241,0.9544045231,0.9963453759
397,0.003682522,0.954586905,0.996317478
398,0.0037104199,0.954586905,0.9962895801
399,0.0037383178,0.9547692869,0.9962616822
400,0.0037383178,0.9547692869,0.9962616822
401,0.0037383178,0.9554988145,0.9962616822
402,0.0037383178,0.9554988145,0.9962616822
403,0.0037941135,0.9556811964,0.9962058865
404,0.0037941135,0.9556811964,0.9962058865
405,0.0038220114,0.9558635783,0.9961779886
406,0.0038220114,0.9558635783,0.9961779886
407,0.0038499093,0.9558635783,0.9961500907
408,0.0038499093,0.9558635783,0.9961500907
409,0.0038778072,0.9558635783,0.9961221928
410,0.0039057051,0.9558635783,0.9960942949
411,0.0039615009,0.9560459602,0.9960384991
412,0.0039893988,0.9562283421,0.9960106012
413,0.0039893988,0.9564107241,0.9960106012
414,0.0040172967,0.956593106,0.9959827033
415,0.0040451946,0.956593106,0.9959548054
416,0.0041009904,0.9567754879,0.9958990096
417,0.0041009904,0.9569578698,0.9958990096
418,0.0041288883,0.9569578698,0.9958711117
419,0.0041567862,0.9571402517,0.9958432138
420,0.0041567862,0.9575050155,0.9958432138
421,0.0041567862,0.9576873974,0.9958432138
422,0.004212582,0.9576873974,0.995787418
423,0.004212582,0.9576873974,0.995787418
424,0.004212582,0.9576873974,0.995787418
425,0.004212582,0.9576873974,0.995787418
426,0.004212582,0.9578697793,0.995787418
427,0.0042962756,0.9578697793,0.9957037244
428,0.0043520714,0.9578697793,0.9956479286
429,0.0044078672,0.9578697793,0.9955921328
430,0.0044357651,0.9580521612,0.9955642349
431,0.004463663,0.9582345431,0.995536337
432,0.0044915609,0.958416925,0.9955084391
433,0.0044915609,0.958416925,0.9955084391
434,0.0044915609,0.958416925,0.9955084391
435,0.0044915609,0.9585993069,0.9955084391
436,0.0044915609,0.9587816889,0.9955084391
437,0.0045473567,0.9589640708,0.9954526433
438,0.0046031525,0.9591464527,0.9953968475
439,0.0046031525,0.9591464527,0.9953968475
440,0.0046031525,0.9591464527,0.9953968475
441,0.0046310504,0.9593288346,0.9953689496
442,0.0046310504,0.9593288346,0.9953689496
443,0.0046310504,0.9593288346,0.9953689496
444,0.0046868461,0.9595112165,0.9953131539
445,0.0047426419,0.9596935984,0.9952573581
446,0.0047426419,0.9596935984,0.9952573581
447,0.0047426419,0.9596935984,0.9952573581
448,0.0047705398,0.9596935984,0.9952294602
449,0.0047705398,0.9596935984,0.9952294602
450,0.0048263356,0.9596935984,0.9951736644
451,0.0048263356,0.9602407441,0.9951736644
452,0.0048542335,0.9602407441,0.9951457665
453,0.0048821314,0.9606055079,0.9951178686
454,0.0049100293,0.9606055079,0.9950899707
455,0.0049100293,0.9607878898,0.9950899707
456,0.0049658251,0.9611526537,0.9950341749
457,0.0049658251,0.9615174175,0.9950341749
458,0.0049658251,0.962429327,0.9950341749
459,0.0050495188,0.962429327,0.9949504812
460,0.0050495188,0.9629764727,0.9949504812
461,0.0051053145,0.9631588546,0.9948946855
462,0.0051332124,0.9631588546,0.9948667876
463,0.0051332124,0.9633412365,0.9948667876
464,0.0051611103,0.9635236185,0.9948388897
465,0.0051611103,0.9635236185,0.9948388897
466,0.0051890082,0.9638883823,0.9948109918
467,0.0051890082,0.9638883823,0.9948109918
468,0.0051890082,0.9638883823,0.9948109918
469,0.0051890082,0.9642531461,0.9948109918
470,0.0052169061,0.964435528,0.9947830939
471,0.0052169061,0.964435528,0.9947830939
472,0.0053005998,0.9646179099,0.9946994002
473,0.0053005998,0.9646179099,0.9946994002
474,0.0053284977,0.9646179099,0.9946715023
475,0.0053563956,0.9648002918,0.9946436044
476,0.0053563956,0.9651650556,0.9946436044
477,0.0053563956,0.9653474375,0.9946436044
478,0.0053842935,0.9653474375,0.9946157065
479,0.0054121914,0.9653474375,0.9945878086
480,0.0054400893,0.9655298194,0.9945599107
481,0.0054679872,0.9655298194,0.9945320128
482,0.0054679872,0.9658945833,0.9945320128
483,0.0054679872,0.9658945833,0.9945320128
484,0.0055795787,0.9658945833,0.9944204213
485,0.0056074766,0.9660769652,0.9943925234
486,0.0056074766,0.9660769652,0.9943925234
487,0.0056632724,0.9662593471,0.9943367276
488,0.0056911703,0.966441729,0.9943088297
489,0.0057469661,0.9668064928,0.9942530339
490,0.005774864,0.9668064928,0.994225136
491,0.005774864,0.9671712566,0.994225136
492,0.0058306598,0.9671712566,0.9941693402
493,0.0058306598,0.9671712566,0.9941693402
494,0.0058306598,0.9671712566,0.9941693402
495,0.0058585577,0.9673536385,0.9941414423
496,0.0059143535,0.9673536385,0.9940856465
497,0.0060538429,0.9675360204,0.9939461571
498,0.0060817408,0.9675360204,0.9939182592
499,0.0061375366,0.9679007842,0.9938624634
500,0.0062212303,0.9679007842,0.9937787697
501,0.0062491282,0.9680831661,0.9937508718
502,0.0062770261,0.96844793,0.9937229739
503,0.0062770261,0.96844793,0.9937229739
504,0.0062770261,0.96844793,0.9937229739
505,0.0062770261,0.96844793,0.9937229739
506,0.006304924,0.9686303119,0.993695076
507,0.0063328219,0.9689950757,0.9936671781
508,0.0063607198,0.9689950757,0.9936392802
509,0.0064723113,0.9689950757,0.9935276887
510,0.0065281071,0.9693598395,0.9934718929
511,0.0066118008,0.9695422214,0.9933881992
512,0.0066118008,0.9697246033,0.9933881992
513,0.0066675966,0.9699069852,0.9933324034
514,0.0067233924,0.9700893671,0.9932766076
515,0.0067512903,0.970271749,0.9932487097
516,0.0068070861,0.970454131,0.9931929139
517,0.0068907797,0.9708188948,0.9931092203
518,0.0069744734,0.9710012767,0.9930255266
519,0.0069744734,0.9711836586,0.9930255266
520,0.0069744734,0.9711836586,0.9930255266
521,0.0070023713,0.9711836586,0.9929976287
522,0.0071139629,0.9711836586,0.9928860371
523,0.0071139629,0.9713660405,0.9928860371
524,0.0071697587,0.9713660405,0.9928302413
525,0.0072534524,0.9715484224,0.9927465476
526,0.0073650439,0.9715484224,0.9926349561
527,0.0074487376,0.9717308043,0.9925512624
528,0.0075324313,0.9717308043,0.9924675687
529,0.0075324313,0.9717308043,0.9924675687
530,0.0075603292,0.9717308043,0.9924396708
531,0.0075882271,0.9717308043,0.9924117729
532,0.0075882271,0.9717308043,0.9924117729
533,0.0077277166,0.9717308043,0.9922722834
534,0.0077556145,0.9719131862,0.9922443855
535,0.0077835123,0.9720955681,0.9922164877
536,0.0078393081,0.97227795,0.9921606919
537,0.0079230018,0.9724603319,0.9920769982
538,0.0079230018,0.9724603319,0.9920769982
539,0.0079787976,0.9724603319,0.9920212024
540,0.0079787976,0.9726427138,0.9920212024
541,0.008146185,0.9728250958,0.991853815
542,0.0081740829,0.9728250958,0.9918259171
543,0.0083693681,0.9728250958,0.9916306319
544,0.0084251639,0.9730074777,0.9915748361
545,0.0084251639,0.9733722415,0.9915748361
546,0.0084251639,0.9733722415,0.9915748361
547,0.0084530618,0.9733722415,0.9915469382
548,0.0084809597,0.9737370053,0.9915190403
549,0.0085646534,0.9739193872,0.9914353466
550,0.0085925513,0.9744665329,0.9914074487
551,0.0087041428,0.9744665329,0.9912958572
552,0.0087041428,0.9744665329,0.9912958572
553,0.0087599386,0.9746489148,0.9912400614
554,0.0088994281,0.9748312967,0.9911005719
555,0.0089831218,0.9748312967,0.9910168782
556,0.0090110197,0.9750136786,0.9909889803
557,0.0090668155,0.9750136786,0.9909331845
558,0.0090668155,0.9750136786,0.9909331845
559,0.0090947133,0.9750136786,0.9909052867
560,0.0091505091,0.9753784425,0.9908494909
561,0.0092063049,0.9753784425,0.9907936951
562,0.0092621007,0.9753784425,0.9907378993
563,0.0093178965,0.9753784425,0.9906821035
564,0.0094294881,0.9757432063,0.9905705119
565,0.009457386,0.9757432063,0.990542614
566,0.0095131818,0.9759255882,0.9904868182
567,0.0095689775,0.9761079701,0.9904310225
568,0.0096805691,0.9761079701,0.9903194309
569,0.0097642628,0.9766551158,0.9902357372
570,0.0099037523,0.9766551158,0.9900962477
571,0.0099316502,0.9766551158,0.9900683498
572,0.0099595481,0.9766551158,0.9900404519
573,0.0100432417,0.9770198796,0.9899567583
574,0.0102106291,0.9772022615,0.9897893709
575,0.0102664249,0.9772022615,0.9897335751
576,0.0103780165,0.9775670254,0.9896219835
577,0.0104059144,0.9775670254,0.9895940856
578,0.0105175059,0.9775670254,0.9894824941
579,0.0105733017,0.9775670254,0.9894266983
580,0.0106290975,0.9777494073,0.9893709025
581,0.0106569954,0.9777494073,0.9893430046
582,0.0107406891,0.9777494073,0.9892593109
583,0.010768587,0.9777494073,0.989231413
584,0.0108522807,0.9777494073,0.9891477193
585,0.0109080764,0.9777494073,0.9890919236
586,0.0109638722,0.9777494073,0.9890361278
587,0.0110754638,0.9777494073,0.9889245362
588,0.0111312596,0.9779317892,0.9888687404
589,0.0112707491,0.9781141711,0.9887292509
590,0.011298647,0.978296553,0.988701353
591,0.0114102385,0.978296553,0.9885897615
592,0.0114939322,0.9788436987,0.9885060678
593,0.0115776259,0.9788436987,0.9884223741
594,0.0116334217,0.9795732263,0.9883665783
595,0.0117729111,0.9797556082,0.9882270889
596,0.011800809,0.9797556082,0.988199191
597,0.0118566048,0.9797556082,0.9881433952
598,0.0118566048,0.9797556082,0.9881433952
599,0.0120239922,0.9801203721,0.9879760078
600,0.012079788,0.9804851359,0.987920212
601,0.012330869,0.9804851359,0.987669131
602,0.0123587669,0.9806675178,0.9876412331
603,0.0124982564,0.9806675178,0.9875017436
604,0.0125819501,0.9806675178,0.9874180499
605,0.0126935416,0.9808498997,0.9873064584
606,0.0127493374,0.9808498997,0.9872506626
607,0.012860929,0.9808498997,0.987139071
608,0.0128888269,0.9810322816,0.9871111731
609,0.0129167248,0.9810322816,0.9870832752
610,0.0129167248,0.9810322816,0.9870832752
611,0.0129725206,0.9810322816,0.9870274794
612,0.0130004185,0.9812146635,0.9869995815
613,0.0131957037,0.9812146635,0.9868042963
614,0.0132236016,0.9812146635,0.9867763984
615,0.0133072953,0.9812146635,0.9866927047
616,0.0133072953,0.9812146635,0.9866927047
617,0.013390989,0.9812146635,0.986609011
618,0.0134188869,0.9812146635,0.9865811131
619,0.0135304784,0.9812146635,0.9864695216
620,0.0135862742,0.9812146635,0.9864137258
621,0.0135862742,0.9812146635,0.9864137258
622,0.0136699679,0.9812146635,0.9863300321
623,0.0137257637,0.9813970454,0.9862742363
624,0.0138373553,0.9815794273,0.9861626447
625,0.013921049,0.9815794273,0.986078951
626,0.0140326405,0.9815794273,0.9859673595
627,0.0141442321,0.9815794273,0.9858557679
628,0.01417213,0.9815794273,0.98582787
629,0.0142279258,0.9817618092,0.9857720742
630,0.0142837216,0.9817618092,0.9857162784
631,0.0143395174,0.9819441911,0.9856604826
632,0.0143953132,0.9819441911,0.9856046868
633,0.0144790068,0.9819441911,0.9855209932
634,0.0145348026,0.9819441911,0.9854651974
635,0.0145905984,0.9819441911,0.9854094016
636,0.0146463942,0.9819441911,0.9853536058
637,0.0148695773,0.9819441911,0.9851304227
638,0.014953271,0.982126573,0.985046729
639,0.0150369647,0.982126573,0.9849630353
640,0.0150927605,0.982126573,0.9849072395
641,0.0151764542,0.982126573,0.9848235458
642,0.0152880458,0.982308955,0.9847119542
643,0.0153438415,0.982308955,0.9846561585
644,0.0153717394,0.982308955,0.9846282606
645,0.0153996373,0.9824913369,0.9846003627
646,0.0154554331,0.9824913369,0.9845445669
647,0.0155112289,0.9824913369,0.9844887711
648,0.0155670247,0.9824913369,0.9844329753
649,0.0156228205,0.9824913369,0.9843771795
650,0.0157065142,0.9826737188,0.9842934858
651,0.0157902078,0.9828561007,0.9842097922
652,0.0158739015,0.9830384826,0.9841260985
653,0.0159575952,0.9830384826,0.9840424048
654,0.0159575952,0.9830384826,0.9840424048
655,0.0160412889,0.9830384826,0.9839587111
656,0.0161807784,0.9830384826,0.9838192216
657,0.0162365741,0.9830384826,0.9837634259
658,0.0163760636,0.9830384826,0.9836239364
659,0.0164597573,0.9830384826,0.9835402427
660,0.0165992468,0.9830384826,0.9834007532
661,0.016794532,0.9830384826,0.983205468
662,0.0168782257,0.9832208645,0.9831217743
663,0.0170177152,0.9832208645,0.9829822848
664,0.0171014088,0.9832208645,0.9828985912
665,0.0171572046,0.9832208645,0.9828427954
666,0.0172130004,0.9832208645,0.9827869996
667,0.0174640815,0.9832208645,0.9825359185
668,0.0176314688,0.9832208645,0.9823685312
669,0.0177151625,0.9832208645,0.9822848375
670,0.0177988562,0.9832208645,0.9822011438
671,0.0180220393,0.9832208645,0.9819779607
672,0.0180220393,0.9834032464,0.9819779607
673,0.0180220393,0.9834032464,0.9819779607
674,0.018105733,0.9835856283,0.981894267
675,0.0182173246,0.9837680102,0.9817826754
676,0.0183010183,0.9839503921,0.9816989817
677,0.0184405077,0.984132774,0.9815594923
678,0.0185242014,0.984132774,0.9814757986
679,0.0185242014,0.984132774,0.9814757986
680,0.0186636909,0.984132774,0.9813363091
681,0.0187194867,0.984132774,0.9812805133
682,0.0188310783,0.984132774,0.9811689217
683,0.0188589761,0.984132774,0.9811410239
684,0.0189426698,0.984132774,0.9810573302
685,0.0189984656,0.984132774,0.9810015344
686,0.0191379551,0.984132774,0.9808620449
687,0.0192495467,0.984132774,0.9807504533
688,0.0192774446,0.984132774,0.9807225554
689,0.019416934,0.9843151559,0.980583066
690,0.0195285256,0.9843151559,0.9804714744
691,0.0196401172,0.9843151559,0.9803598828
692,0.0197238109,0.9846799198,0.9802761891
693,0.0198354024,0.9846799198,0.9801645976
694,0.0199190961,0.9846799198,0.9800809039
695,0.0199748919,0.9846799198,0.9800251081
696,0.0201422793,0.9846799198,0.9798577207
697,0.020198075,0.9846799198,0.979801925
698,0.0203933603,0.9846799198,0.9796066397
699,0.0205328498,0.9846799198,0.9794671502
700,0.0205607477,0.9846799198,0.9794392523
701,0.020728135,0.9846799198,0.979271865
702,0.0208397266,0.9850446836,0.9791602734
703,0.0209513182,0.9852270655,0.9790486818
704,0.0210350119,0.9852270655,0.9789649881
705,0.0211745013,0.9855918293,0.9788254987
706,0.021258195,0.9855918293,0.978741805
707,0.0212860929,0.9857742112,0.9787139071
708,0.0213697866,0.9857742112,0.9786302134
709,0.021509276,0.9859565931,0.978490724
710,0.0215371739,0.9859565931,0.9784628261
711,0.0216766634,0.9859565931,0.9783233366
712,0.0216766634,0.9859565931,0.9783233366
713,0.0217324592,0.9859565931,0.9782675408
714,0.0219277445,0.986138975,0.9780722555
715,0.0221788255,0.986138975,0.9778211745
716,0.0223741108,0.9863213569,0.9776258892
717,0.0225136002,0.9863213569,0.9774863998
718,0.0226809876,0.9865037388,0.9773190124
719,0.0227925792,0.9866861207,0.9772074208
720,0.0229599665,0.9868685026,0.9770400335
721,0.0231552518,0.9870508846,0.9768447482
722,0.023350537,0.9872332665,0.976649463
723,0.0234621286,0.9874156484,0.9765378714
724,0.023629516,0.9874156484,0.976370484
725,0.0237969033,0.9874156484,0.9762030967
726,0.0239921886,0.9874156484,0.9760078114
727,0.0241037802,0.9874156484,0.9758962198
728,0.024159576,0.9874156484,0.975840424
729,0.0243548612,0.9874156484,0.9756451388
730,0.0244385549,0.9874156484,0.9755614451
731,0.0245780444,0.9875980303,0.9754219556
732,0.0247175338,0.9875980303,0.9752824662
733,0.0248570233,0.9877804122,0.9751429767
734,0.0249686149,0.9879627941,0.9750313851
735,0.0251360022,0.9883275579,0.9748639978
736,0.0251360022,0.9888747036,0.9748639978
737,0.025191798,0.9888747036,0.974808202
738,0.0252754917,0.9888747036,0.9747245083
739,0.0253591854,0.9888747036,0.9746408146
740,0.0255544706,0.9888747036,0.9744455294
741,0.0256939601,0.9890570855,0.9743060399
742,0.0257776538,0.9890570855,0.9742223462
743,0.0258613475,0.9894218494,0.9741386525
744,0.025972939,0.9894218494,0.974027061
745,0.0261403264,0.9894218494,0.9738596736
746,0.0262240201,0.9894218494,0.9737759799
747,0.0263635096,0.9894218494,0.9736364904
748,0.0264472032,0.9896042313,0.9735527968
749,0.0265308969,0.9896042313,0.9734691031
750,0.0267261822,0.9899689951,0.9732738178
751,0.0269493653,0.9899689951,0.9730506347
752,0.0271446506,0.9899689951,0.9728553494
753,0.0273399358,0.990151377,0.9726600642
754,0.0273957316,0.990151377,0.9726042684
755,0.0275352211,0.990151377,0.9724647789
756,0.027563119,0.9903337589,0.972436881
757,0.0278420979,0.9903337589,0.9721579021
758,0.0280094853,0.9903337589,0.9719905147
759,0.0282047705,0.9903337589,0.9717952295
760,0.0282884642,0.9903337589,0.9717115358
761,0.02834426,0.9903337589,0.97165574
762,0.0284279537,0.9903337589,0.9715720463
763,0.0284837495,0.9903337589,0.9715162505
764,0.0285395453,0.9903337589,0.9714604547
765,0.0287069326,0.9903337589,0.9712930674
766,0.0288185242,0.9903337589,0.9711814758
767,0.0289580137,0.9903337589,0.9710419863
768,0.0290696052,0.9905161408,0.9709303948
769,0.0292369926,0.9905161408,0.9707630074
770,0.0294880737,0.9905161408,0.9705119263
771,0.029655461,0.9905161408,0.970344539
772,0.0297391547,0.9906985227,0.9702608453
773,0.0298228484,0.9908809046,0.9701771516
774,0.0299065421,0.9910632865,0.9700934579
775,0.0300181336,0.9912456684,0.9699818664
776,0.0302134189,0.9912456684,0.9697865811
777,0.0302971126,0.9912456684,0.9697028874
778,0.0304087041,0.9912456684,0.9695912959
779,0.0306318873,0.9912456684,0.9693681127
780,0.0308829683,0.9914280503,0.9691170317
781,0.0310782536,0.9914280503,0.9689217464
782,0.0313572325,0.9914280503,0.9686427675
783,0.0314688241,0.9914280503,0.9685311759
784,0.031496722,0.9914280503,0.968503278
785,0.0316362115,0.9914280503,0.9683637885
786,0.0317199051,0.9916104322,0.9682800949
787,0.0318035988,0.9916104322,0.9681964012
788,0.0319151904,0.9916104322,0.9680848096
789,0.032026782,0.9916104322,0.967973218
790,0.0321662714,0.9916104322,0.9678337286
791,0.0323336588,0.9917928142,0.9676663412
792,0.0325010462,0.9917928142,0.9674989538
793,0.0326684335,0.9917928142,0.9673315665
794,0.0327521272,0.9917928142,0.9672478728
795,0.0329474125,0.9917928142,0.9670525875
796,0.0330032083,0.9917928142,0.9669967917
797,0.0330311062,0.9917928142,0.9669688938
798,0.0332263914,0.9917928142,0.9667736086
799,0.0333937788,0.9917928142,0.9666062212
800,0.0334774725,0.9917928142,0.9665225275
801,0.0337285535,0.9917928142,0.9662714465
802,0.0338959409,0.9917928142,0.9661040591
803,0.034119124,0.9917928142,0.965880876
804,0.0343144093,0.9917928142,0.9656855907
805,0.0344260008,0.9917928142,0.9655739992
806,0.0345654903,0.9919751961,0.9654345097
807,0.034649184,0.9919751961,0.965350816
808,0.0349281629,0.992157578,0.9650718371
809,0.0350955503,0.992157578,0.9649044497
810,0.0351234482,0.992157578,0.9648765518
811,0.0352629376,0.992157578,0.9647370624
812,0.035430325,0.9923399599,0.964569675
813,0.0354861208,0.9923399599,0.9645138792
814,0.0357093039,0.9923399599,0.9642906961
815,0.0357929976,0.9923399599,0.9642070024
816,0.0360719766,0.9923399599,0.9639280234
817,0.0362672618,0.9923399599,0.9637327382
818,0.0363788534,0.9923399599,0.9636211466
819,0.036490445,0.9923399599,0.963509555
820,0.0366578323,0.9925223418,0.9633421677
821,0.0368252197,0.9925223418,0.9631747803
822,0.0369089134,0.9925223418,0.9630910866
823,0.0369926071,0.9925223418,0.9630073929
824,0.0371041986,0.9925223418,0.9628958014
825,0.037271586,0.9925223418,0.962728414
826,0.0373831776,0.9925223418,0.9626168224
827,0.0375505649,0.9925223418,0.9624494351
828,0.0377737481,0.9925223418,0.9622262519
829,0.0379411354,0.9925223418,0.9620588646
830,0.0381085228,0.9925223418,0.9618914772
831,0.0382480123,0.9925223418,0.9617519877
832,0.038331706,0.9925223418,0.961668294
833,0.0384990933,0.9925223418,0.9615009067
834,0.0386943786,0.9925223418,0.9613056214
835,0.0388617659,0.9925223418,0.9611382341
836,0.0390570512,0.9927047237,0.9609429488
837,0.0392244386,0.9927047237,0.9607755614
838,0.0393918259,0.9927047237,0.9606081741
839,0.0395871112,0.9928871056,0.9604128888
840,0.0396987027,0.9930694875,0.9603012973
841,0.0398660901,0.9930694875,0.9601339099
842,0.0400892733,0.9930694875,0.9599107267
843,0.0403682522,0.9930694875,0.9596317478
844,0.0404519459,0.9930694875,0.9595480541
845,0.040675129,0.9930694875,0.959324871
846,0.0408425164,0.9930694875,0.9591574836
847,0.0410378016,0.9930694875,0.9589621984
848,0.0411214953,0.9930694875,0.9588785047
849,0.0413446785,0.9930694875,0.9586553215
850,0.0415399637,0.9930694875,0.9584600363
851,0.0415957595,0.9930694875,0.9584042405
852,0.041735249,0.9930694875,0.958264751
853,0.0419305342,0.9930694875,0.9580694658
854,0.0421537174,0.9930694875,0.9578462826
855,0.0423211048,0.9930694875,0.9576788952
856,0.0423769005,0.9930694875,0.9576230995
857,0.0424326963,0.9930694875,0.9575673037
858,0.0425721858,0.9932518694,0.9574278142
859,0.0426837774,0.9932518694,0.9573162226
860,0.0428232668,0.9932518694,0.9571767332
861,0.0430185521,0.9934342513,0.9569814479
862,0.0432138374,0.9934342513,0.9567861626
863,0.043297531,0.9934342513,0.956702469
864,0.04357651,0.9936166332,0.95642349
865,0.0436881015,0.9936166332,0.9563118985
866,0.0440228763,0.9936166332,0.9559771237
867,0.0441344678,0.9937990151,0.9558655322
868,0.0443018552,0.9937990151,0.9556981448
869,0.0444413447,0.9937990151,0.9555586553
870,0.0444971405,0.994163779,0.9555028595
871,0.0446366299,0.994163779,0.9553633701
872,0.0447482215,0.994163779,0.9552517785
873,0.0448319152,0.994163779,0.9551680848
874,0.0449435068,0.994163779,0.9550564932
875,0.0451666899,0.994163779,0.9548333101
876,0.0453340773,0.9943461609,0.9546659227
877,0.0455572604,0.9943461609,0.9544427396
878,0.0457525457,0.9943461609,0.9542474543
879,0.0458920352,0.9945285428,0.9541079648
880,0.0460315246,0.9945285428,0.9539684754
881,0.0462268099,0.9945285428,0.9537731901
882,0.0464220951,0.9945285428,0.9535779049
883,0.0465894825,0.9945285428,0.9534105175
884,0.0468126656,0.9945285428,0.9531873344
885,0.0471195425,0.9945285428,0.9528804575
886,0.0473148277,0.9945285428,0.9526851723
887,0.0474822151,0.9945285428,0.9525177849
888,0.0476775003,0.9945285428,0.9523224997
889,0.0478727856,0.9945285428,0.9521272144
890,0.0480959688,0.9945285428,0.9519040312
891,0.0482633561,0.9945285428,0.9517366439
892,0.0485423351,0.9945285428,0.9514576649
893,0.0486260287,0.9945285428,0.9513739713
894,0.0487376203,0.9945285428,0.9512623797
895,0.0489329056,0.9945285428,0.9510670944
896,0.049072395,0.9945285428,0.950927605
897,0.0491560887,0.9945285428,0.9508439113
898,0.049351374,0.9945285428,0.950648626
899,0.0495745571,0.9945285428,0.9504254429
900,0.049881434,0.9947109247,0.950118566
901,0.0500209234,0.9947109247,0.9499790766
902,0.0501604129,0.9947109247,0.9498395871
903,0.0504393918,0.9947109247,0.9495606082
904,0.0505788813,0.9948933066,0.9494211187
905,0.0507741666,0.9948933066,0.9492258334
906,0.0509415539,0.9948933066,0.9490584461
907,0.0511368392,0.9948933066,0.9488631608
908,0.051443716,0.9948933066,0.948556284
909,0.0516111034,0.9948933066,0.9483888966
910,0.0517226949,0.9948933066,0.9482773051
911,0.0518621844,0.9948933066,0.9481378156
912,0.0520295718,0.9948933066,0.9479704282
913,0.0521969591,0.9948933066,0.9478030409
914,0.0523922444,0.9948933066,0.9476077556
915,0.0526433254,0.9948933066,0.9473566746
916,0.0528107128,0.9948933066,0.9471892872
917,0.0530896917,0.9952580704,0.9469103083
918,0.0532012833,0.9952580704,0.9467987167
919,0.0534244665,0.9952580704,0.9465755335
920,0.0535081601,0.9954404523,0.9464918399
921,0.0535639559,0.9954404523,0.9464360441
922,0.053815037,0.9954404523,0.946184963
923,0.0540103222,0.9954404523,0.9459896778
924,0.0542893012,0.9954404523,0.9457106988
925,0.0544845864,0.9954404523,0.9455154136
926,0.054847259,0.9954404523,0.945152741
927,0.0550425443,0.9956228342,0.9449574557
928,0.0551820338,0.9956228342,0.9448179662
929,0.055377319,0.9956228342,0.944622681
930,0.0555726043,0.9956228342,0.9444273957
931,0.0557957874,0.9956228342,0.9442042126
932,0.0559352769,0.9956228342,0.9440647231
933,0.05615846,0.9956228342,0.94384154
934,0.056437439,0.9956228342,0.943562561
935,0.0566048263,0.9956228342,0.9433951737
936,0.0568280095,0.9956228342,0.9431719905
937,0.0570790905,0.9956228342,0.9429209095
938,0.0573301716,0.9958052161,0.9426698284
939,0.0575254568,0.9958052161,0.9424745432
940,0.05774864,0.995987598,0.94225136
941,0.0579718231,0.995987598,0.9420281769
942,0.0581113126,0.9961699799,0.9418886874
943,0.0582787,0.9961699799,0.9417213
944,0.0585018831,0.9961699799,0.9414981169
945,0.0588087599,0.9961699799,0.9411912401
946,0.059059841,0.9961699799,0.940940159
947,0.0591714326,0.9963523618,0.9408285674
948,0.059310922,0.9963523618,0.940689078
949,0.059589901,0.9963523618,0.940410099
950,0.0598130841,0.9963523618,0.9401869159
951,0.060092063,0.9963523618,0.939907937
952,0.060371042,0.9963523618,0.939628958
953,0.0605663272,0.9963523618,0.9394336728
954,0.0607616125,0.9963523618,0.9392383875
955,0.0610405914,0.9963523618,0.9389594086
956,0.0612916725,0.9963523618,0.9387083275
957,0.0615706514,0.9963523618,0.9384293486
958,0.0618496304,0.9963523618,0.9381503696
959,0.0619612219,0.9963523618,0.9380387781
960,0.0621565072,0.9963523618,0.9378434928
961,0.0624354861,0.9963523618,0.9375645139
962,0.0626586693,0.9965347438,0.9373413307
963,0.0628260566,0.9965347438,0.9371739434
964,0.0630771377,0.9965347438,0.9369228623
965,0.0633282187,0.9965347438,0.9366717813
966,0.0638303808,0.9965347438,0.9361696192
967,0.0640814618,0.9965347438,0.9359185382
968,0.0643604408,0.9965347438,0.9356395592
969,0.0646394197,0.9965347438,0.9353605803
970,0.0647510113,0.9965347438,0.9352489887
971,0.0649462966,0.9965347438,0.9350537034
972,0.0651415818,0.9965347438,0.9348584182
973,0.0652810713,0.9965347438,0.9347189287
974,0.0655042544,0.9965347438,0.9344957456
975,0.0657553355,0.9965347438,0.9342446645
976,0.0659785186,0.9967171257,0.9340214814
977,0.0663690891,0.9967171257,0.9336309109
978,0.0668433533,0.9967171257,0.9331566467
979,0.0670665365,0.9967171257,0.9329334635
980,0.0672897196,0.9967171257,0.9327102804
981,0.0674013112,0.9967171257,0.9325986888
982,0.0676244944,0.9968995076,0.9323755056
983,0.0677639838,0.9968995076,0.9322360162
984,0.0680150649,0.9968995076,0.9319849351
985,0.0682940438,0.9968995076,0.9317059562
986,0.0684614312,0.9968995076,0.9315385688
987,0.0688520017,0.9968995076,0.9311479983
988,0.0691867764,0.9968995076,0.9308132236
989,0.0694378574,0.9968995076,0.9305621426
990,0.0696889385,0.9968995076,0.9303110615
991,0.0699958153,0.9968995076,0.9300041847
992,0.0702189985,0.9968995076,0.9297810015
993,0.0703863858,0.9968995076,0.9296136142
994,0.0706653648,0.9968995076,0.9293346352
995,0.0709722416,0.9968995076,0.9290277584
996,0.0713628121,0.9968995076,0.9286371879
997,0.0715301995,0.9968995076,0.9284698005
998,0.0718091784,0.9968995076,0.9281908216
999,0.07192077,0.9968995076,0.92807923
1000,0.0721160552,0.9968995076,0.9278839448
1001,0.0723671363,0.9968995076,0.9276328637
1002,0.0727298089,0.9968995076,0.9272701911
1003,0.072952992,0.9968995076,0.927047008
1004,0.0731761752,0.9968995076,0.9268238248
1005,0.0733993583,0.9968995076,0.9266006417
1006,0.0735109499,0.9968995076,0.9264890501
1007,0.0738736225,0.9968995076,0.9261263775
1008,0.0741247036,0.9968995076,0.9258752964
1009,0.0744315804,0.9968995076,0.9255684196
1010,0.0746268657,0.9968995076,0.9253731343
1011,0.0749895383,0.9968995076,0.9250104617
1012,0.0752685172,0.9968995076,0.9247314828
1013,0.0755474962,0.9968995076,0.9244525038
1014,0.0757706793,0.9968995076,0.9242293207
1015,0.0760775561,0.9968995076,0.9239224439
1016,0.0764402288,0.9970818895,0.9235597712
1017,0.0766076161,0.9970818895,0.9233923839
1018,0.0767750035,0.9970818895,0.9232249965
1019,0.0769981866,0.9970818895,0.9230018134
1020,0.0772492677,0.9970818895,0.9227507323
1021,0.0775840424,0.9970818895,0.9224159576
1022,0.0777235319,0.9970818895,0.9222764681
1023,0.0779188171,0.9974466533,0.9220811829
1024,0.0780862045,0.9974466533,0.9219137955
1025,0.0783930813,0.9974466533,0.9216069187
1026,0.0785883666,0.9974466533,0.9214116334
1027,0.0787557539,0.9974466533,0.9212442461
1028,0.079006835,0.9974466533,0.920993165
1029,0.0791463245,0.9974466533,0.9208536755
1030,0.0793695076,0.9974466533,0.9206304924
1031,0.0798437718,0.9974466533,0.9201562282
1032,0.0800390571,0.9974466533,0.9199609429
1033,0.0801785465,0.9974466533,0.9198214535
1034,0.0804017297,0.9974466533,0.9195982703
1035,0.0807086065,0.9974466533,0.9192913935
1036,0.080848096,0.9974466533,0.919151904
1037,0.0812107686,0.9976290352,0.9187892314
1038,0.0815734412,0.9976290352,0.9184265588
1039,0.0818245222,0.9976290352,0.9181754778
1040,0.0820756033,0.9976290352,0.9179243967
1041,0.0823545822,0.9976290352,0.9176454178
1042,0.0826056633,0.9976290352,0.9173943367
1043,0.0828567443,0.9976290352,0.9171432557
1044,0.0831078254,0.9978114171,0.9168921746
1045,0.0833868043,0.997993799,0.9166131957
1046,0.0836378853,0.997993799,0.9163621147
1047,0.0840284559,0.997993799,0.9159715441
1048,0.0844748222,0.997993799,0.9155251778
1049,0.0848932906,0.997993799,0.9151067094
1050,0.0851164737,0.997993799,0.9148835263
1051,0.0853954526,0.997993799,0.9146045474
1052,0.0855907379,0.997993799,0.9144092621
1053,0.0858697168,0.997993799,0.9141302832
1054,0.0861486958,0.997993799,0.9138513042
1055,0.0863718789,0.997993799,0.9136281211
1056,0.0865392663,0.997993799,0.9134607337
1057,0.0867624494,0.997993799,0.9132375506
1058,0.0869577347,0.997993799,0.9130422653
1059,0.0872646115,0.997993799,0.9127353885
1060,0.0875714884,0.9981761809,0.9124285116
1061,0.0877388757,0.9981761809,0.9122611243
1062,0.0879620589,0.9981761809,0.9120379411
1063,0.0881573441,0.9981761809,0.9118426559
1064,0.0884363231,0.9981761809,0.9115636769
1065,0.0886595062,0.9981761809,0.9113404938
1066,0.0888547915,0.9981761809,0.9111452085
1067,0.0890779746,0.9981761809,0.9109220254
1068,0.0892732599,0.9981761809,0.9107267401
1069,0.0895801367,0.9981761809,0.9104198633
1070,0.0898312177,0.9981761809,0.9101687823
1071,0.0899428093,0.9981761809,0.9100571907
1072,0.0902496861,0.9981761809,0.9097503139
1073,0.0905286651,0.9981761809,0.9094713349
1074,0.0907518482,0.9981761809,0.9092481518
1075,0.0911145209,0.9981761809,0.9088854791
1076,0.0913656019,0.9981761809,0.9086343981
1077,0.0915329893,0.9981761809,0.9084670107
1078,0.0918956619,0.9981761809,0.9081043381
1079,0.092118845,0.9981761809,0.907881155
1080,0.092397824,0.9981761809,0.907602176
1081,0.092648905,0.9981761809,0.907351095
1082,0.0928999861,0.9981761809,0.9071000139
1083,0.0932905566,0.9981761809,0.9067094434
1084,0.0936532292,0.9981761809,0.9063467708
1085,0.0939043102,0.9981761809,0.9060956898
1086,0.0941832892,0.9981761809,0.9058167108
1087,0.0944343702,0.9981761809,0.9055656298
1088,0.0946575534,0.9981761809,0.9053424466
1089,0.0949644302,0.9981761809,0.9050355698
1090,0.0951876133,0.9981761809,0.9048123867
1091,0.0953828986,0.9981761809,0.9046171014
1092,0.0955781838,0.9981761809,0.9044218162
1093,0.0959687544,0.9981761809,0.9040312456
1094,0.096331427,0.9981761809,0.903668573
1095,0.0965267122,0.9981761809,0.9034732878
1096,0.0968056912,0.9983585628,0.9031943088
1097,0.0970846701,0.9983585628,0.9029153299
1098,0.0974194448,0.9983585628,0.9025805552
1099,0.0976984238,0.9983585628,0.9023015762
1100,0.0979216069,0.9983585628,0.9020783931
1101,0.0981168922,0.9983585628,0.9018831078
1102,0.0985353606,0.9983585628,0.9014646394
1103,0.0989259311,0.9983585628,0.9010740689
1104,0.0991770121,0.9983585628,0.9008229879
1105,0.099483889,0.9983585628,0.900516111
1106,0.0998465616,0.9983585628,0.9001534384
1107,0.0999581532,0.9983585628,0.9000418468
1108,0.1003487237,0.9983585628,0.8996512763
1109,0.1006834984,0.9985409447,0.8993165016
1110,0.101046171,0.9985409447,0.898953829
1111,0.1012972521,0.9985409447,0.8987027479
1112,0.1015483331,0.9985409447,0.8984516669
1113,0.1018552099,0.9985409447,0.8981447901
1114,0.1021899847,0.9985409447,0.8978100153
1115,0.1024689636,0.9985409447,0.8975310364
1116,0.1027479425,0.9985409447,0.8972520575
1117,0.1029990236,0.9985409447,0.8970009764
1118,0.1033337983,0.9985409447,0.8966662017
1119,0.1035011857,0.9985409447,0.8964988143
1120,0.1036964709,0.9985409447,0.8963035291
1121,0.1038638583,0.9985409447,0.8961361417
1122,0.1040033477,0.9985409447,0.8959966523
1123,0.1042265309,0.9985409447,0.8957734691
1124,0.104449714,0.9985409447,0.895550286
1125,0.1048123867,0.9985409447,0.8951876133
1126,0.1051192635,0.9987233266,0.8948807365
1127,0.1052866509,0.9987233266,0.8947133491
1128,0.1055935277,0.9989057086,0.8944064723
1129,0.106039894,0.9989057086,0.893960106
1130,0.1063467708,0.9989057086,0.8936532292
1131,0.1065978519,0.9989057086,0.8934021481
1132,0.1070163203,0.9989057086,0.8929836797
1133,0.1072952992,0.9989057086,0.8927047008
1134,0.1074905845,0.9989057086,0.8925094155
1135,0.1076579718,0.9989057086,0.8923420282
1136,0.1079369508,0.9989057086,0.8920630492
1137,0.108132236,0.9989057086,0.891867764
1138,0.1084670107,0.9989057086,0.8915329893
1139,0.1088296834,0.9989057086,0.8911703166
1140,0.109192356,0.9989057086,0.890807644
1141,0.1095550286,0.9990880905,0.8904449714
